Index,Symbol
Nifty 50,INFY
Nifty 50,BPCL
Nifty 50,TCS
Nifty 50,IOC
Nifty 50,INDUSINDBK
Nifty 50,WIPRO
Nifty 50,HDFCBANK
Nifty 50,ONGC
Nifty 50,HINDALCO
Nifty 50,SHREECEM
Nifty 50,ZEEL
Nifty 50,HCLTECH
Nifty 50,EICHERMOT
Nifty 50,GAIL
Nifty 50,RELIANCE
Nifty 50,ULTRACEMCO
Nifty 50,LT
Nifty 50,BAJAJ-AUTO
Nifty 50,GRASIM
Nifty 50,COALINDIA
Nifty 50,NTPC
Nifty 50,AXISBANK
Nifty 50,TECHM
Nifty 50,TATASTEEL
Nifty 50,ASIANPAINT
Nifty 50,BHARTIARTL
Nifty 50,BRITANNIA
Nifty 50,CIPLA
Nifty 50,ICICIBANK
Nifty 50,ADANIPORTS
Nifty 50,DRREDDY
Nifty 50,POWERGRID
Nifty 50,JSWSTEEL
Nifty 50,MARUTI
Nifty 50,SBIN
Nifty 50,HDFC
Nifty 50,UPL
Nifty 50,NESTLEIND
Nifty 50,HEROMOTOCO
Nifty 50,BAJAJFINSV
Nifty 50,TITAN
Nifty 50,HDFCLIFE
Nifty 50,HINDUNILVR
Nifty 50,M&M
Nifty 50,SUNPHARMA
Nifty 50,TATAMOTORS
Nifty 50,KOTAKBANK
Nifty 50,INFRATEL
Nifty 50,ITC
Nifty 50,BAJFINANCE
Nifty Next 50,HINDZINC
Nifty Next 50,HINDPETRO
Nifty Next 50,ADANITRANS
Nifty Next 50,ACC
Nifty Next 50,OFSS
Nifty Next 50,NHPC
Nifty Next 50,PGHH
Nifty Next 50,SRTRANSFIN
Nifty Next 50,PETRONET
Nifty Next 50,CONCOR
Nifty Next 50,BAJAJHLDNG
Nifty Next 50,HDFCAMC
Nifty Next 50,GODREJCP
Nifty Next 50,MARICO
Nifty Next 50,BANDHANBNK
Nifty Next 50,DIVISLAB
Nifty Next 50,AMBUJACEM
Nifty Next 50,HAVELLS
Nifty Next 50,SBICARD
Nifty Next 50,PIDILITIND
Nifty Next 50,SIEMENS
Nifty Next 50,DABUR
Nifty Next 50,CADILAHC
Nifty Next 50,PEL
Nifty Next 50,NAUKRI
Nifty Next 50,PFC
Nifty Next 50,MOTHERSUMI
Nifty Next 50,SBILIFE
Nifty Next 50,COLPAL
Nifty Next 50,NMDC
Nifty Next 50,DMART
Nifty Next 50,BANKBARODA
Nifty Next 50,PAGEIND
Nifty Next 50,GICRE
Nifty Next 50,IGL
Nifty Next 50,BIOCON
Nifty Next 50,LUPIN
Nifty Next 50,AUROPHARMA
Nifty Next 50,ICICIGI
Nifty Next 50,TORNTPHARM
Nifty Next 50,ICICIPRULI
Nifty Next 50,PNB
Nifty Next 50,MCDOWELL-N
Nifty Next 50,MUTHOOTFIN
Nifty Next 50,INDIGO
Nifty Next 50,DLF
Nifty Next 50,BERGEPAINT
Nifty Next 50,BOSCHLTD
Nifty Next 50,ABBOTINDIA
Nifty Next 50,UBL
Nifty Midcap 50,TATAPOWER
Nifty Midcap 50,IDEA
Nifty Midcap 50,BANKINDIA
Nifty Midcap 50,OIL
Nifty Midcap 50,MINDTREE
Nifty Midcap 50,JINDALSTEL
Nifty Midcap 50,FEDERALBNK
Nifty Midcap 50,MRF
Nifty Midcap 50,BEL
Nifty Midcap 50,GLENMARK
Nifty Midcap 50,CASTROLIND
Nifty Midcap 50,CUMMINSIND
Nifty Midcap 50,RAMCOCEM
Nifty Midcap 50,SUNTV
Nifty Midcap 50,AMARAJABAT
Nifty Midcap 50,UNIONBANK
Nifty Midcap 50,LICHSGFIN
Nifty Midcap 50,HEXAWARE
Nifty Midcap 50,MGL
Nifty Midcap 50,TATACONSUM
Nifty Midcap 50,BATAINDIA
Nifty Midcap 50,BALKRISIND
Nifty Midcap 50,IBULHSGFIN
Nifty Midcap 50,RBLBANK
Nifty Midcap 50,ADANIPOWER
Nifty Midcap 50,IDFCFIRSTB
Nifty Midcap 50,CANBK
Nifty Midcap 50,GMRINFRA
Nifty Midcap 50,TVSMOTOR
Nifty Midcap 50,SRF
Nifty Midcap 50,TORNTPOWER
Nifty Midcap 50,JUBLFOOD
Nifty Midcap 50,EXIDEIND
Nifty Midcap 50,SAIL
Nifty Midcap 50,APOLLOTYRE
Nifty Midcap 50,CESC
Nifty Midcap 50,MANAPPURAM
Nifty Midcap 50,M&MFIN
Nifty Midcap 50,ESCORTS
Nifty Midcap 50,VOLTAS
Nifty Midcap 50,BHARATFORG
Nifty Midcap 50,GODREJPROP
Nifty Midcap 50,RECLTD
Nifty Midcap 50,NATIONALUM
Nifty Midcap 50,BHEL
Nifty Midcap 50,CHOLAFIN
Nifty Midcap 50,L&TFH
Nifty Midcap 50,ASHOKLEY
Nifty Midcap 50,APOLLOHOSP
Nifty Midcap 50,MFSL
Nifty Smallcap 50,UCOBANK
Nifty Smallcap 50,CENTRALBK
Nifty Smallcap 50,TTKPRESTIG
Nifty Smallcap 50,IOB
Nifty Smallcap 50,NIITTECH
Nifty Smallcap 50,TATAPOWER
Nifty Smallcap 50,IDEA
Nifty Smallcap 50,QUESS
Nifty Smallcap 50,IDBI
Nifty Smallcap 50,FRETAIL
Nifty Smallcap 50,EDELWEISS
Nifty Smallcap 50,IBVENTURES
Nifty Smallcap 50,BANKINDIA
Nifty Smallcap 50,OIL
Nifty Smallcap 50,ABB
Nifty Smallcap 50,SJVN
Nifty Smallcap 50,MINDTREE
Nifty Smallcap 50,NIACL
Nifty Smallcap 50,3MINDIA
Nifty Smallcap 50,SOLARINDS
Nifty Smallcap 50,LTTS
Nifty Smallcap 50,JINDALSTEL
Nifty Smallcap 50,MPHASIS
Nifty Smallcap 50,FEDERALBNK
Nifty Smallcap 50,LTI
Nifty Smallcap 50,PHOENIXLTD
Nifty Smallcap 50,MRF
Nifty Smallcap 50,CROMPTON
Nifty Smallcap 50,GSPL
Nifty Smallcap 50,IPCALAB
Nifty Smallcap 50,BEL
Nifty Smallcap 50,HONAUT
Nifty Smallcap 50,GLENMARK
Nifty Smallcap 50,SUNDRMFAST
Nifty Smallcap 50,PRESTIGE
Nifty Smallcap 50,CASTROLIND
Nifty Smallcap 50,CUMMINSIND
Nifty Smallcap 50,ENDURANCE
Nifty Smallcap 50,GILLETTE
Nifty Smallcap 50,NLCINDIA
Nifty Smallcap 50,RAMCOCEM
Nifty Smallcap 50,SUNTV
Nifty Smallcap 50,CUB
Nifty Smallcap 50,AMARAJABAT
Nifty Smallcap 50,UNIONBANK
Nifty Smallcap 50,GODREJAGRO
Nifty Smallcap 50,GODREJIND
Nifty Smallcap 50,SKFINDIA
Nifty Smallcap 50,LICHSGFIN
Nifty Smallcap 50,HEXAWARE
Nifty Smallcap 50,SYNGENE
Nifty Smallcap 50,ABCAPITAL
Nifty Smallcap 50,PNBHOUSING
Nifty Smallcap 50,NAM-INDIA
Nifty Smallcap 50,MGL
Nifty Smallcap 50,BLUEDART
Nifty Smallcap 50,VGUARD
Nifty Smallcap 50,HATSUN
Nifty Smallcap 50,EMAMILTD
Nifty Smallcap 50,TATACONSUM
Nifty Smallcap 50,ASTRAL
Nifty Smallcap 50,BATAINDIA
Nifty Smallcap 50,WHIRLPOOL
Nifty Smallcap 50,PIIND
Nifty Smallcap 50,BALKRISIND
Nifty Smallcap 50,CRISIL
Nifty Smallcap 50,GUJGASLTD
Nifty Smallcap 50,IBULHSGFIN
Nifty Smallcap 50,RBLBANK
Nifty Smallcap 50,COROMANDEL
Nifty Smallcap 50,HUDCO
Nifty Smallcap 50,LALPATHLAB
Nifty Smallcap 50,ADANIPOWER
Nifty Smallcap 50,AJANTPHARM
Nifty Smallcap 50,WABCOINDIA
Nifty Smallcap 50,ALKEM
Nifty Smallcap 50,IDFCFIRSTB
Nifty Smallcap 50,SUPREMEIND
Nifty Smallcap 50,ATUL
Nifty Smallcap 50,SCHAEFFLER
Nifty Smallcap 50,PFIZER
Nifty Smallcap 50,CANBK
Nifty Smallcap 50,GMRINFRA
Nifty Smallcap 50,BAYERCROP
Nifty Smallcap 50,AIAENG
Nifty Smallcap 50,TRENT
Nifty Smallcap 50,SHRIRAMCIT
Nifty Smallcap 50,AKZOINDIA
Nifty Smallcap 50,INDHOTEL
Nifty Smallcap 50,TVSMOTOR
Nifty Smallcap 50,RAJESHEXPO
Nifty Smallcap 50,VINATIORGA
Nifty Smallcap 50,THERMAX
Nifty Smallcap 50,SRF
Nifty Smallcap 50,RELAXO
Nifty Smallcap 50,KANSAINER
Nifty Smallcap 50,ERIS
Nifty Smallcap 50,NATCOPHARM
Nifty Smallcap 50,AARTIIND
Nifty Smallcap 50,TORNTPOWER
Nifty Smallcap 50,BBTC
Nifty Smallcap 50,ABFRL
Nifty Smallcap 50,SYMPHONY
Nifty Smallcap 50,EXIDEIND
Nifty Smallcap 50,JUBLFOOD
Nifty Smallcap 50,FORTIS
Nifty Smallcap 50,SAIL
Nifty Smallcap 50,JUBILANT
Nifty Smallcap 50,CESC
Nifty Smallcap 50,APOLLOTYRE
Nifty Smallcap 50,MANAPPURAM
Nifty Smallcap 50,MRPL
Nifty Smallcap 50,CHOLAHLDNG
Nifty Smallcap 50,ISEC
Nifty Smallcap 50,M&MFIN
Nifty Smallcap 50,GLAXO
Nifty Smallcap 50,EIHOTEL
Nifty Smallcap 50,ESCORTS
Nifty Smallcap 50,MINDAIND
Nifty Smallcap 50,VOLTAS
Nifty Smallcap 50,APLLTD
Nifty Smallcap 50,BHARATFORG
Nifty Smallcap 50,JKCEMENT
Nifty Smallcap 50,TATACOMM
Nifty Smallcap 50,SUNDARMFIN
Nifty Smallcap 50,DALBHARAT
Nifty Smallcap 50,GODREJPROP
Nifty Smallcap 50,JSWENERGY
Nifty Smallcap 50,POLYCAB
Nifty Smallcap 50,SANOFI
Nifty Smallcap 50,RECLTD
Nifty Smallcap 50,NATIONALUM
Nifty Smallcap 50,IRCTC
Nifty Smallcap 50,VBL
Nifty Smallcap 50,BHEL
Nifty Smallcap 50,CHOLAFIN
Nifty Smallcap 50,OBEROIRLTY
Nifty Smallcap 50,L&TFH
Nifty Smallcap 50,ASHOKLEY
Nifty Smallcap 50,MOTILALOFS
Nifty Smallcap 50,APOLLOHOSP
Nifty Smallcap 50,CREDITACC
Nifty Smallcap 50,HAL
Nifty Smallcap 50,AAVAS
Nifty Smallcap 50,AUBANK
Nifty Smallcap 50,ADANIGAS
Nifty Smallcap 50,MFSL
Nifty Smallcap 50,ADANIGREEN
Nifty Smallcap 50,SUMICHEM
Nifty Smallcap 50,IIFLWAM
Nifty Auto,MRF
Nifty Auto,EICHERMOT
Nifty Auto,BAJAJ-AUTO
Nifty Auto,AMARAJABAT
Nifty Auto,BALKRISIND
Nifty Auto,MOTHERSUMI
Nifty Auto,MARUTI
Nifty Auto,TVSMOTOR
Nifty Auto,HEROMOTOCO
Nifty Auto,EXIDEIND
Nifty Auto,BHARATFORG
Nifty Auto,M&M
Nifty Auto,TATAMOTORS
Nifty Auto,BOSCHLTD
Nifty Auto,ASHOKLEY
Nifty Bank,INDUSINDBK
Nifty Bank,HDFCBANK
Nifty Bank,FEDERALBNK
Nifty Bank,AXISBANK
Nifty Bank,BANDHANBNK
Nifty Bank,RBLBANK
Nifty Bank,ICICIBANK
Nifty Bank,IDFCFIRSTB
Nifty Bank,SBIN
Nifty Bank,BANKBARODA
Nifty Bank,PNB
Nifty Bank,KOTAKBANK
Nifty Energy,BPCL
Nifty Energy,TATAPOWER
Nifty Energy,IOC
Nifty Energy,HINDPETRO
Nifty Energy,ADANITRANS
Nifty Energy,ONGC
Nifty Energy,GAIL
Nifty Energy,RELIANCE
Nifty Energy,NTPC
Nifty Energy,POWERGRID
Nifty Financial Services,HDFCBANK
Nifty Financial Services,SRTRANSFIN
Nifty Financial Services,BAJAJHLDNG
Nifty Financial Services,HDFCAMC
Nifty Financial Services,AXISBANK
Nifty Financial Services,HDFCLIFE
Nifty Financial Services,PEL
Nifty Financial Services,PFC
Nifty Financial Services,ICICIBANK
Nifty Financial Services,SBILIFE
Nifty Financial Services,SBIN
Nifty Financial Services,HDFC
Nifty Financial Services,BAJAJFINSV
Nifty Financial Services,ICICIGI
Nifty Financial Services,M&MFIN
Nifty Financial Services,ICICIPRULI
Nifty Financial Services,RECLTD
Nifty Financial Services,CHOLAFIN
Nifty Financial Services,KOTAKBANK
Nifty Financial Services,BAJFINANCE
Nifty FMCG,PGHH
Nifty FMCG,GODREJCP
Nifty FMCG,MARICO
Nifty FMCG,EMAMILTD
Nifty FMCG,TATACONSUM
Nifty FMCG,DABUR
Nifty FMCG,BRITANNIA
Nifty FMCG,COLPAL
Nifty FMCG,NESTLEIND
Nifty FMCG,JUBLFOOD
Nifty FMCG,HINDUNILVR
Nifty FMCG,MCDOWELL-N
Nifty FMCG,VBL
Nifty FMCG,UBL
Nifty FMCG,ITC
Nifty IT,INFY
Nifty IT,NIITTECH
Nifty IT,TCS
Nifty IT,MINDTREE
Nifty IT,WIPRO
Nifty IT,MPHASIS
Nifty IT,LTI
Nifty IT,HCLTECH
Nifty IT,TECHM
Nifty IT,NAUKRI
Nifty Media,HATHWAY
Nifty Media,ZEEL
Nifty Media,DBCORP
Nifty Media,SUNTV
Nifty Media,TV18BRDCST
Nifty Media,TVTODAY
Nifty Media,JAGRAN
Nifty Media,INOXLEISUR
Nifty Media,PVR
Nifty Media,DISHTV
Nifty Metal,HINDZINC
Nifty Metal,HINDALCO
Nifty Metal,JINDALSTEL
Nifty Metal,COALINDIA
Nifty Metal,TATASTEEL
Nifty Metal,NMDC
Nifty Metal,JSWSTEEL
Nifty Metal,HINDCOPPER
Nifty Metal,SAIL
Nifty Metal,MIDHANI
Nifty Metal,WELCORP
Nifty Metal,RATNAMANI
Nifty Metal,MOIL
Nifty Metal,NATIONALUM
Nifty Metal,APLAPOLLO
Nifty Pharma,DIVISLAB
Nifty Pharma,CADILAHC
Nifty Pharma,CIPLA
Nifty Pharma,ALKEM
Nifty Pharma,DRREDDY
Nifty Pharma,BIOCON
Nifty Pharma,LUPIN
Nifty Pharma,AUROPHARMA
Nifty Pharma,TORNTPHARM
Nifty Pharma,SUNPHARMA
Nifty PSU Bank,UCOBANK
Nifty PSU Bank,CENTRALBK
Nifty PSU Bank,IOB
Nifty PSU Bank,MAHABANK
Nifty PSU Bank,BANKINDIA
Nifty PSU Bank,INDIANB
Nifty PSU Bank,UNIONBANK
Nifty PSU Bank,CANBK
Nifty PSU Bank,SBIN
Nifty PSU Bank,BANKBARODA
Nifty PSU Bank,J&KBANK
Nifty PSU Bank,PNB
Nifty Realty,PHOENIXLTD
Nifty Realty,PRESTIGE
Nifty Realty,OMAXE
Nifty Realty,SOBHA
Nifty Realty,BRIGADE
Nifty Realty,GODREJPROP
Nifty Realty,IBREALEST
Nifty Realty,DLF
Nifty Realty,OBEROIRLTY
Nifty Realty,SUNTECK
Nifty Commodities,BPCL
Nifty Commodities,TATAPOWER
Nifty Commodities,HINDZINC
Nifty Commodities,IOC
Nifty Commodities,HINDPETRO
Nifty Commodities,OIL
Nifty Commodities,ACC
Nifty Commodities,NHPC
Nifty Commodities,ONGC
Nifty Commodities,HINDALCO
Nifty Commodities,SHREECEM
Nifty Commodities,JINDALSTEL
Nifty Commodities,RELIANCE
Nifty Commodities,ULTRACEMCO
Nifty Commodities,RAMCOCEM
Nifty Commodities,GRASIM
Nifty Commodities,COALINDIA
Nifty Commodities,NTPC
Nifty Commodities,AMBUJACEM
Nifty Commodities,PIDILITIND
Nifty Commodities,TATASTEEL
Nifty Commodities,PIIND
Nifty Commodities,ATUL
Nifty Commodities,NMDC
Nifty Commodities,JSWSTEEL
Nifty Commodities,UPL
Nifty Commodities,AARTIIND
Nifty Commodities,COROMANDEL
Nifty Commodities,DALBHARAT
Nifty Commodities,ADANIGREEN
Nifty India Consumption,TATAPOWER
Nifty India Consumption,ZEEL
Nifty India Consumption,CROMPTON
Nifty India Consumption,BAJAJ-AUTO
Nifty India Consumption,GODREJCP
Nifty India Consumption,MARICO
Nifty India Consumption,HAVELLS
Nifty India Consumption,DABUR
Nifty India Consumption,ASIANPAINT
Nifty India Consumption,BHARTIARTL
Nifty India Consumption,BRITANNIA
Nifty India Consumption,ALKEM
Nifty India Consumption,COLPAL
Nifty India Consumption,DMART
Nifty India Consumption,MARUTI
Nifty India Consumption,INDHOTEL
Nifty India Consumption,TVSMOTOR
Nifty India Consumption,PAGEIND
Nifty India Consumption,NESTLEIND
Nifty India Consumption,HEROMOTOCO
Nifty India Consumption,JUBLFOOD
Nifty India Consumption,TITAN
Nifty India Consumption,HINDUNILVR
Nifty India Consumption,VOLTAS
Nifty India Consumption,MCDOWELL-N
Nifty India Consumption,M&M
Nifty India Consumption,INDIGO
Nifty India Consumption,UBL
Nifty India Consumption,APOLLOHOSP
Nifty India Consumption,ITC
Nifty CPSE,COCHINSHIP
Nifty CPSE,OIL
Nifty CPSE,SJVN
Nifty CPSE,NHPC
Nifty CPSE,ONGC
Nifty CPSE,BEL
Nifty CPSE,NLCINDIA
Nifty CPSE,COALINDIA
Nifty CPSE,NTPC
Nifty CPSE,NBCC
Nifty CPSE,NMDC
Nifty CPSE,POWERGRID
Nifty Infrastructure,BPCL
Nifty Infrastructure,TATAPOWER
Nifty Infrastructure,IOC
Nifty Infrastructure,HINDPETRO
Nifty Infrastructure,ACC
Nifty Infrastructure,ONGC
Nifty Infrastructure,SHREECEM
Nifty Infrastructure,MRF
Nifty Infrastructure,EICHERMOT
Nifty Infrastructure,PETRONET
Nifty Infrastructure,GAIL
Nifty Infrastructure,CONCOR
Nifty Infrastructure,RELIANCE
Nifty Infrastructure,ULTRACEMCO
Nifty Infrastructure,LT
Nifty Infrastructure,GRASIM
Nifty Infrastructure,RAMCOCEM
Nifty Infrastructure,NTPC
Nifty Infrastructure,AMBUJACEM
Nifty Infrastructure,SIEMENS
Nifty Infrastructure,BHARTIARTL
Nifty Infrastructure,ADANIPORTS
Nifty Infrastructure,POWERGRID
Nifty Infrastructure,IGL
Nifty Infrastructure,EXIDEIND
Nifty Infrastructure,INDIGO
Nifty Infrastructure,DLF
Nifty Infrastructure,ASHOKLEY
Nifty Infrastructure,INFRATEL
Nifty Infrastructure,APOLLOHOSP
Nifty MNC,IDEA
Nifty MNC,ABB
Nifty MNC,3MINDIA
Nifty MNC,OFSS
Nifty MNC,MPHASIS
Nifty MNC,PGHH
Nifty MNC,HONAUT
Nifty MNC,CASTROLIND
Nifty MNC,CUMMINSIND
Nifty MNC,SKFINDIA
Nifty MNC,HEXAWARE
Nifty MNC,AMBUJACEM
Nifty MNC,SIEMENS
Nifty MNC,BATAINDIA
Nifty MNC,WHIRLPOOL
Nifty MNC,CRISIL
Nifty MNC,BRITANNIA
Nifty MNC,COLPAL
Nifty MNC,PFIZER
Nifty MNC,MARUTI
Nifty MNC,NESTLEIND
Nifty MNC,KANSAINER
Nifty MNC,NAM-INDIA
Nifty MNC,HINDUNILVR
Nifty MNC,GLAXO
Nifty MNC,MCDOWELL-N
Nifty MNC,SANOFI
Nifty MNC,BOSCHLTD
Nifty MNC,ABBOTINDIA
Nifty MNC,ASHOKLEY
Nifty Growth Sectors 15,HDFCBANK
Nifty Growth Sectors 15,ZEEL
Nifty Growth Sectors 15,BAJAJ-AUTO
Nifty Growth Sectors 15,GODREJCP
Nifty Growth Sectors 15,RBLBANK
Nifty Growth Sectors 15,CIPLA
Nifty Growth Sectors 15,ICICIBANK
Nifty Growth Sectors 15,MARUTI
Nifty Growth Sectors 15,HDFC
Nifty Growth Sectors 15,HEROMOTOCO
Nifty Growth Sectors 15,HINDUNILVR
Nifty Growth Sectors 15,AUROPHARMA
Nifty Growth Sectors 15,KOTAKBANK
Nifty Growth Sectors 15,ITC
Nifty Growth Sectors 15,BAJFINANCE
Nifty PSE,BPCL
Nifty PSE,IOC
Nifty PSE,HINDPETRO
Nifty PSE,OIL
Nifty PSE,NIACL
Nifty PSE,NHPC
Nifty PSE,ONGC
Nifty PSE,GAIL
Nifty PSE,CONCOR
Nifty PSE,BEL
Nifty PSE,COALINDIA
Nifty PSE,NTPC
Nifty PSE,PFC
Nifty PSE,NMDC
Nifty PSE,POWERGRID
Nifty PSE,GICRE
Nifty PSE,SAIL
Nifty PSE,RECLTD
Nifty PSE,NATIONALUM
Nifty PSE,BHEL
Nifty Services Sector,INFY
Nifty Services Sector,TCS
Nifty Services Sector,INDUSINDBK
Nifty Services Sector,WIPRO
Nifty Services Sector,HDFCBANK
Nifty Services Sector,FEDERALBNK
Nifty Services Sector,ZEEL
Nifty Services Sector,HCLTECH
Nifty Services Sector,SRTRANSFIN
Nifty Services Sector,PETRONET
Nifty Services Sector,GAIL
Nifty Services Sector,CONCOR
Nifty Services Sector,NTPC
Nifty Services Sector,AXISBANK
Nifty Services Sector,BANDHANBNK
Nifty Services Sector,TECHM
Nifty Services Sector,HDFCLIFE
Nifty Services Sector,RBLBANK
Nifty Services Sector,BHARTIARTL
Nifty Services Sector,NAUKRI
Nifty Services Sector,ICICIBANK
Nifty Services Sector,SBILIFE
Nifty Services Sector,ADANIPORTS
Nifty Services Sector,POWERGRID
Nifty Services Sector,SBIN
Nifty Services Sector,HDFC
Nifty Services Sector,BAJAJFINSV
Nifty Services Sector,ICICIGI
Nifty Services Sector,KOTAKBANK
Nifty Services Sector,BAJFINANCE
Nifty100 Liquid 15,IOC
Nifty100 Liquid 15,INDUSINDBK
Nifty100 Liquid 15,ONGC
Nifty100 Liquid 15,HINDALCO
Nifty100 Liquid 15,ULTRACEMCO
Nifty100 Liquid 15,AXISBANK
Nifty100 Liquid 15,TATASTEEL
Nifty100 Liquid 15,BHARTIARTL
Nifty100 Liquid 15,ADANIPORTS
Nifty100 Liquid 15,POWERGRID
Nifty100 Liquid 15,MARUTI
Nifty100 Liquid 15,SBIN
Nifty100 Liquid 15,SUNPHARMA
Nifty100 Liquid 15,TATAMOTORS
Nifty100 Liquid 15,BAJFINANCE
Nifty Midcap Liquid 15,FEDERALBNK
Nifty Midcap Liquid 15,BEL
Nifty Midcap Liquid 15,LICHSGFIN
Nifty Midcap Liquid 15,TATACONSUM
Nifty Midcap Liquid 15,RBLBANK
Nifty Midcap Liquid 15,IDFCFIRSTB
Nifty Midcap Liquid 15,TVSMOTOR
Nifty Midcap Liquid 15,SRF
Nifty Midcap Liquid 15,EXIDEIND
Nifty Midcap Liquid 15,JUBLFOOD
Nifty Midcap Liquid 15,M&MFIN
Nifty Midcap Liquid 15,VOLTAS
Nifty Midcap Liquid 15,BHARATFORG
Nifty Midcap Liquid 15,RECLTD
Nifty Midcap Liquid 15,APOLLOHOSP
Nifty Dividend Opportunities 50,ENGINERSIN
Nifty Dividend Opportunities 50,INFY
Nifty Dividend Opportunities 50,BPCL
Nifty Dividend Opportunities 50,TATAPOWER
Nifty Dividend Opportunities 50,TCS
Nifty Dividend Opportunities 50,IOC
Nifty Dividend Opportunities 50,HINDPETRO
Nifty Dividend Opportunities 50,OIL
Nifty Dividend Opportunities 50,MINDTREE
Nifty Dividend Opportunities 50,NHPC
Nifty Dividend Opportunities 50,ONGC
Nifty Dividend Opportunities 50,MPHASIS
Nifty Dividend Opportunities 50,PETRONET
Nifty Dividend Opportunities 50,GAIL
Nifty Dividend Opportunities 50,BEL
Nifty Dividend Opportunities 50,CASTROLIND
Nifty Dividend Opportunities 50,CUMMINSIND
Nifty Dividend Opportunities 50,STAR
Nifty Dividend Opportunities 50,BAJAJ-AUTO
Nifty Dividend Opportunities 50,SUNTV
Nifty Dividend Opportunities 50,COALINDIA
Nifty Dividend Opportunities 50,NTPC
Nifty Dividend Opportunities 50,HEXAWARE
Nifty Dividend Opportunities 50,RITES
Nifty Dividend Opportunities 50,TECHM
Nifty Dividend Opportunities 50,MCX
Nifty Dividend Opportunities 50,MGL
Nifty Dividend Opportunities 50,EMAMILTD
Nifty Dividend Opportunities 50,TATASTEEL
Nifty Dividend Opportunities 50,IBULHSGFIN
Nifty Dividend Opportunities 50,COLPAL
Nifty Dividend Opportunities 50,NMDC
Nifty Dividend Opportunities 50,POWERGRID
Nifty Dividend Opportunities 50,NESTLEIND
Nifty Dividend Opportunities 50,HEROMOTOCO
Nifty Dividend Opportunities 50,TORNTPOWER
Nifty Dividend Opportunities 50,CESC
Nifty Dividend Opportunities 50,MANAPPURAM
Nifty Dividend Opportunities 50,CYIENT
Nifty Dividend Opportunities 50,HINDUNILVR
Nifty Dividend Opportunities 50,ISEC
Nifty Dividend Opportunities 50,M&MFIN
Nifty Dividend Opportunities 50,MUTHOOTFIN
Nifty Dividend Opportunities 50,RECLTD
Nifty Dividend Opportunities 50,NATIONALUM
Nifty Dividend Opportunities 50,CDSL
Nifty Dividend Opportunities 50,BHEL
Nifty Dividend Opportunities 50,ASHOKLEY
Nifty Dividend Opportunities 50,INFRATEL
Nifty Dividend Opportunities 50,ITC
Nifty50 Value 20,INFY
Nifty50 Value 20,BPCL
Nifty50 Value 20,TCS
Nifty50 Value 20,IOC
Nifty50 Value 20,WIPRO
Nifty50 Value 20,ONGC
Nifty50 Value 20,ZEEL
Nifty50 Value 20,HCLTECH
Nifty50 Value 20,GAIL
Nifty50 Value 20,BAJAJ-AUTO
Nifty50 Value 20,COALINDIA
Nifty50 Value 20,NTPC
Nifty50 Value 20,TECHM
Nifty50 Value 20,TATASTEEL
Nifty50 Value 20,POWERGRID
Nifty50 Value 20,JSWSTEEL
Nifty50 Value 20,HEROMOTOCO
Nifty50 Value 20,HINDALCO
Nifty50 Value 20,HINDUNILVR
Nifty50 Value 20,ITC
Nifty Alpha 50,NIITTECH
Nifty Alpha 50,NAVINFLUOR
Nifty Alpha 50,SHREECEM
Nifty Alpha 50,HCLTECH
Nifty Alpha 50,IPCALAB
Nifty Alpha 50,RELIANCE
Nifty Alpha 50,HDFCAMC
Nifty Alpha 50,DIVISLAB
Nifty Alpha 50,MCX
Nifty Alpha 50,NAM-INDIA
Nifty Alpha 50,TATACONSUM
Nifty Alpha 50,PIDILITIND
Nifty Alpha 50,BATAINDIA
Nifty Alpha 50,WHIRLPOOL
Nifty Alpha 50,PIIND
Nifty Alpha 50,BALKRISIND
Nifty Alpha 50,GUJGASLTD
Nifty Alpha 50,COROMANDEL
Nifty Alpha 50,DEEPAKNTR
Nifty Alpha 50,BHARTIARTL
Nifty Alpha 50,LALPATHLAB
Nifty Alpha 50,NAUKRI
Nifty Alpha 50,AJANTPHARM
Nifty Alpha 50,ICICIBANK
Nifty Alpha 50,SBILIFE
Nifty Alpha 50,DRREDDY
Nifty Alpha 50,DMART
Nifty Alpha 50,TRENT
Nifty Alpha 50,SRF
Nifty Alpha 50,RELAXO
Nifty Alpha 50,NESTLEIND
Nifty Alpha 50,IGL
Nifty Alpha 50,METROPOLIS
Nifty Alpha 50,GRANULES
Nifty Alpha 50,MANAPPURAM
Nifty Alpha 50,HINDUNILVR
Nifty Alpha 50,ISEC
Nifty Alpha 50,ICICIGI
Nifty Alpha 50,TORNTPHARM
Nifty Alpha 50,ICICIPRULI
Nifty Alpha 50,ESCORTS
Nifty Alpha 50,APLLTD
Nifty Alpha 50,MUTHOOTFIN
Nifty Alpha 50,BERGEPAINT
Nifty Alpha 50,DIXON
Nifty Alpha 50,VBL
Nifty Alpha 50,ABBOTINDIA
Nifty Alpha 50,RALLIS
Nifty Alpha 50,APOLLOHOSP
Nifty Alpha 50,ADANIGREEN
Nifty 100,ACC
Nifty 100,ABBOTINDIA
Nifty 100,ADANIPORTS
Nifty 100,ADANITRANS
Nifty 100,AMBUJACEM
Nifty 100,ASIANPAINT
Nifty 100,AUROPHARMA
Nifty 100,DMART
Nifty 100,AXISBANK
Nifty 100,BAJAJ-AUTO
Nifty 100,BAJFINANCE
Nifty 100,BAJAJFINSV
Nifty 100,BAJAJHLDNG
Nifty 100,BANDHANBNK
Nifty 100,BANKBARODA
Nifty 100,BERGEPAINT
Nifty 100,BPCL
Nifty 100,BHARTIARTL
Nifty 100,INFRATEL
Nifty 100,BIOCON
Nifty 100,BOSCHLTD
Nifty 100,BRITANNIA
Nifty 100,CADILAHC
Nifty 100,CIPLA
Nifty 100,COALINDIA
Nifty 100,COLPAL
Nifty 100,CONCOR
Nifty 100,DLF
Nifty 100,DABUR
Nifty 100,DIVISLAB
Nifty 100,DRREDDY
Nifty 100,EICHERMOT
Nifty 100,GAIL
Nifty 100,GICRE
Nifty 100,GODREJCP
Nifty 100,GRASIM
Nifty 100,HCLTECH
Nifty 100,HDFCAMC
Nifty 100,HDFCBANK
Nifty 100,HDFCLIFE
Nifty 100,HAVELLS
Nifty 100,HEROMOTOCO
Nifty 100,HINDALCO
Nifty 100,HINDPETRO
Nifty 100,HINDUNILVR
Nifty 100,HINDZINC
Nifty 100,HDFC
Nifty 100,ICICIBANK
Nifty 100,ICICIGI
Nifty 100,ICICIPRULI
Nifty 100,ITC
Nifty 100,IOC
Nifty 100,IGL
Nifty 100,INDUSINDBK
Nifty 100,NAUKRI
Nifty 100,INFY
Nifty 100,INDIGO
Nifty 100,JSWSTEEL
Nifty 100,KOTAKBANK
Nifty 100,LT
Nifty 100,LUPIN
Nifty 100,M&M
Nifty 100,MARICO
Nifty 100,MARUTI
Nifty 100,MOTHERSUMI
Nifty 100,MUTHOOTFIN
Nifty 100,NHPC
Nifty 100,NMDC
Nifty 100,NTPC
Nifty 100,NESTLEIND
Nifty 100,ONGC
Nifty 100,OFSS
Nifty 100,PAGEIND
Nifty 100,PETRONET
Nifty 100,PIDILITIND
Nifty 100,PEL
Nifty 100,PFC
Nifty 100,POWERGRID
Nifty 100,PGHH
Nifty 100,PNB
Nifty 100,RELIANCE
Nifty 100,SBILIFE
Nifty 100,SHREECEM
Nifty 100,SRTRANSFIN
Nifty 100,SIEMENS
Nifty 100,SBIN
Nifty 100,SUNPHARMA
Nifty 100,TCS
Nifty 100,TATAMOTORS
Nifty 100,TATASTEEL
Nifty 100,TECHM
Nifty 100,TITAN
Nifty 100,TORNTPHARM
Nifty 100,UPL
Nifty 100,ULTRACEMCO
Nifty 100,UBL
Nifty 100,MCDOWELL-N
Nifty 100,SBICARD
Nifty 100,WIPRO
Nifty 100,ZEEL
NIFTY LargeMidcap 250,3MINDIA
NIFTY LargeMidcap 250,ABB
NIFTY LargeMidcap 250,ACC
NIFTY LargeMidcap 250,AIAENG
NIFTY LargeMidcap 250,AUBANK
NIFTY LargeMidcap 250,AARTIIND
NIFTY LargeMidcap 250,AAVAS
NIFTY LargeMidcap 250,ABBOTINDIA
NIFTY LargeMidcap 250,ADANIGAS
NIFTY LargeMidcap 250,ADANIGREEN
NIFTY LargeMidcap 250,ADANIPORTS
NIFTY LargeMidcap 250,ADANIPOWER
NIFTY LargeMidcap 250,ADANITRANS
NIFTY LargeMidcap 250,ABCAPITAL
NIFTY LargeMidcap 250,ABFRL
NIFTY LargeMidcap 250,AJANTPHARM
NIFTY LargeMidcap 250,AKZOINDIA
NIFTY LargeMidcap 250,APLLTD
NIFTY LargeMidcap 250,ALKEM
NIFTY LargeMidcap 250,AMARAJABAT
NIFTY LargeMidcap 250,AMBUJACEM
NIFTY LargeMidcap 250,APOLLOHOSP
NIFTY LargeMidcap 250,APOLLOTYRE
NIFTY LargeMidcap 250,ASHOKLEY
NIFTY LargeMidcap 250,ASIANPAINT
NIFTY LargeMidcap 250,ASTRAL
NIFTY LargeMidcap 250,ATUL
NIFTY LargeMidcap 250,AUROPHARMA
NIFTY LargeMidcap 250,DMART
NIFTY LargeMidcap 250,AXISBANK
NIFTY LargeMidcap 250,BAJAJ-AUTO
NIFTY LargeMidcap 250,BAJFINANCE
NIFTY LargeMidcap 250,BAJAJFINSV
NIFTY LargeMidcap 250,BAJAJHLDNG
NIFTY LargeMidcap 250,BALKRISIND
NIFTY LargeMidcap 250,BANDHANBNK
NIFTY LargeMidcap 250,BANKBARODA
NIFTY LargeMidcap 250,BANKINDIA
NIFTY LargeMidcap 250,BATAINDIA
NIFTY LargeMidcap 250,BAYERCROP
NIFTY LargeMidcap 250,BERGEPAINT
NIFTY LargeMidcap 250,BEL
NIFTY LargeMidcap 250,BHARATFORG
NIFTY LargeMidcap 250,BHEL
NIFTY LargeMidcap 250,BPCL
NIFTY LargeMidcap 250,BHARTIARTL
NIFTY LargeMidcap 250,INFRATEL
NIFTY LargeMidcap 250,BIOCON
NIFTY LargeMidcap 250,BLUEDART
NIFTY LargeMidcap 250,BBTC
NIFTY LargeMidcap 250,BOSCHLTD
NIFTY LargeMidcap 250,BRITANNIA
NIFTY LargeMidcap 250,CESC
NIFTY LargeMidcap 250,CRISIL
NIFTY LargeMidcap 250,CADILAHC
NIFTY LargeMidcap 250,CANBK
NIFTY LargeMidcap 250,CASTROLIND
NIFTY LargeMidcap 250,CENTRALBK
NIFTY LargeMidcap 250,CHOLAHLDNG
NIFTY LargeMidcap 250,CHOLAFIN
NIFTY LargeMidcap 250,CIPLA
NIFTY LargeMidcap 250,CUB
NIFTY LargeMidcap 250,COALINDIA
NIFTY LargeMidcap 250,COLPAL
NIFTY LargeMidcap 250,CONCOR
NIFTY LargeMidcap 250,COROMANDEL
NIFTY LargeMidcap 250,CREDITACC
NIFTY LargeMidcap 250,CROMPTON
NIFTY LargeMidcap 250,CUMMINSIND
NIFTY LargeMidcap 250,DLF
NIFTY LargeMidcap 250,DABUR
NIFTY LargeMidcap 250,DALBHARAT
NIFTY LargeMidcap 250,DIVISLAB
NIFTY LargeMidcap 250,LALPATHLAB
NIFTY LargeMidcap 250,DRREDDY
NIFTY LargeMidcap 250,EIHOTEL
NIFTY LargeMidcap 250,EDELWEISS
NIFTY LargeMidcap 250,EICHERMOT
NIFTY LargeMidcap 250,EMAMILTD
NIFTY LargeMidcap 250,ENDURANCE
NIFTY LargeMidcap 250,ERIS
NIFTY LargeMidcap 250,ESCORTS
NIFTY LargeMidcap 250,EXIDEIND
NIFTY LargeMidcap 250,FEDERALBNK
NIFTY LargeMidcap 250,FORTIS
NIFTY LargeMidcap 250,FRETAIL
NIFTY LargeMidcap 250,GAIL
NIFTY LargeMidcap 250,GMRINFRA
NIFTY LargeMidcap 250,GICRE
NIFTY LargeMidcap 250,GILLETTE
NIFTY LargeMidcap 250,GLAXO
NIFTY LargeMidcap 250,GLENMARK
NIFTY LargeMidcap 250,GODREJAGRO
NIFTY LargeMidcap 250,GODREJCP
NIFTY LargeMidcap 250,GODREJIND
NIFTY LargeMidcap 250,GODREJPROP
NIFTY LargeMidcap 250,GRASIM
NIFTY LargeMidcap 250,GUJGASLTD
NIFTY LargeMidcap 250,GSPL
NIFTY LargeMidcap 250,HCLTECH
NIFTY LargeMidcap 250,HDFCAMC
NIFTY LargeMidcap 250,HDFCBANK
NIFTY LargeMidcap 250,HDFCLIFE
NIFTY LargeMidcap 250,HATSUN
NIFTY LargeMidcap 250,HAVELLS
NIFTY LargeMidcap 250,HEROMOTOCO
NIFTY LargeMidcap 250,HEXAWARE
NIFTY LargeMidcap 250,HINDALCO
NIFTY LargeMidcap 250,HAL
NIFTY LargeMidcap 250,HINDPETRO
NIFTY LargeMidcap 250,HINDUNILVR
NIFTY LargeMidcap 250,HINDZINC
NIFTY LargeMidcap 250,HONAUT
NIFTY LargeMidcap 250,HUDCO
NIFTY LargeMidcap 250,HDFC
NIFTY LargeMidcap 250,ICICIBANK
NIFTY LargeMidcap 250,ICICIGI
NIFTY LargeMidcap 250,ICICIPRULI
NIFTY LargeMidcap 250,ISEC
NIFTY LargeMidcap 250,IDBI
NIFTY LargeMidcap 250,IDFCFIRSTB
NIFTY LargeMidcap 250,IIFLWAM
NIFTY LargeMidcap 250,ITC
NIFTY LargeMidcap 250,IBULHSGFIN
NIFTY LargeMidcap 250,IBVENTURES
NIFTY LargeMidcap 250,INDHOTEL
NIFTY LargeMidcap 250,IOC
NIFTY LargeMidcap 250,IOB
NIFTY LargeMidcap 250,IRCTC
NIFTY LargeMidcap 250,IGL
NIFTY LargeMidcap 250,INDUSINDBK
NIFTY LargeMidcap 250,NAUKRI
NIFTY LargeMidcap 250,INFY
NIFTY LargeMidcap 250,INDIGO
NIFTY LargeMidcap 250,IPCALAB
NIFTY LargeMidcap 250,JKCEMENT
NIFTY LargeMidcap 250,JSWENERGY
NIFTY LargeMidcap 250,JSWSTEEL
NIFTY LargeMidcap 250,JINDALSTEL
NIFTY LargeMidcap 250,JUBLFOOD
NIFTY LargeMidcap 250,JUBILANT
NIFTY LargeMidcap 250,KANSAINER
NIFTY LargeMidcap 250,KOTAKBANK
NIFTY LargeMidcap 250,L&TFH
NIFTY LargeMidcap 250,LTTS
NIFTY LargeMidcap 250,LICHSGFIN
NIFTY LargeMidcap 250,LTI
NIFTY LargeMidcap 250,LT
NIFTY LargeMidcap 250,LUPIN
NIFTY LargeMidcap 250,MRF
NIFTY LargeMidcap 250,MGL
NIFTY LargeMidcap 250,M&MFIN
NIFTY LargeMidcap 250,M&M
NIFTY LargeMidcap 250,MANAPPURAM
NIFTY LargeMidcap 250,MRPL
NIFTY LargeMidcap 250,MARICO
NIFTY LargeMidcap 250,MARUTI
NIFTY LargeMidcap 250,MFSL
NIFTY LargeMidcap 250,MINDTREE
NIFTY LargeMidcap 250,MINDAIND
NIFTY LargeMidcap 250,MOTHERSUMI
NIFTY LargeMidcap 250,MOTILALOFS
NIFTY LargeMidcap 250,MPHASIS
NIFTY LargeMidcap 250,MUTHOOTFIN
NIFTY LargeMidcap 250,NATCOPHARM
NIFTY LargeMidcap 250,NHPC
NIFTY LargeMidcap 250,NIITTECH
NIFTY LargeMidcap 250,NLCINDIA
NIFTY LargeMidcap 250,NMDC
NIFTY LargeMidcap 250,NTPC
NIFTY LargeMidcap 250,NATIONALUM
NIFTY LargeMidcap 250,NESTLEIND
NIFTY LargeMidcap 250,NAM-INDIA
NIFTY LargeMidcap 250,OBEROIRLTY
NIFTY LargeMidcap 250,ONGC
NIFTY LargeMidcap 250,OIL
NIFTY LargeMidcap 250,OFSS
NIFTY LargeMidcap 250,PIIND
NIFTY LargeMidcap 250,PNBHOUSING
NIFTY LargeMidcap 250,PAGEIND
NIFTY LargeMidcap 250,PETRONET
NIFTY LargeMidcap 250,PFIZER
NIFTY LargeMidcap 250,PHOENIXLTD
NIFTY LargeMidcap 250,PIDILITIND
NIFTY LargeMidcap 250,PEL
NIFTY LargeMidcap 250,POLYCAB
NIFTY LargeMidcap 250,PFC
NIFTY LargeMidcap 250,POWERGRID
NIFTY LargeMidcap 250,PRESTIGE
NIFTY LargeMidcap 250,PGHH
NIFTY LargeMidcap 250,PNB
NIFTY LargeMidcap 250,QUESS
NIFTY LargeMidcap 250,RBLBANK
NIFTY LargeMidcap 250,RECLTD
NIFTY LargeMidcap 250,RAJESHEXPO
NIFTY LargeMidcap 250,RELAXO
NIFTY LargeMidcap 250,RELIANCE
NIFTY LargeMidcap 250,SBILIFE
NIFTY LargeMidcap 250,SJVN
NIFTY LargeMidcap 250,SKFINDIA
NIFTY LargeMidcap 250,SRF
NIFTY LargeMidcap 250,SANOFI
NIFTY LargeMidcap 250,SCHAEFFLER
NIFTY LargeMidcap 250,SHREECEM
NIFTY LargeMidcap 250,SHRIRAMCIT
NIFTY LargeMidcap 250,SRTRANSFIN
NIFTY LargeMidcap 250,SIEMENS
NIFTY LargeMidcap 250,SOLARINDS
NIFTY LargeMidcap 250,SBIN
NIFTY LargeMidcap 250,SAIL
NIFTY LargeMidcap 250,SUMICHEM
NIFTY LargeMidcap 250,SUNPHARMA
NIFTY LargeMidcap 250,SUNTV
NIFTY LargeMidcap 250,SUNDARMFIN
NIFTY LargeMidcap 250,SUNDRMFAST
NIFTY LargeMidcap 250,SUPREMEIND
NIFTY LargeMidcap 250,SYMPHONY
NIFTY LargeMidcap 250,SYNGENE
NIFTY LargeMidcap 250,TTKPRESTIG
NIFTY LargeMidcap 250,TVSMOTOR
NIFTY LargeMidcap 250,TATACOMM
NIFTY LargeMidcap 250,TCS
NIFTY LargeMidcap 250,TATACONSUM
NIFTY LargeMidcap 250,TATAMOTORS
NIFTY LargeMidcap 250,TATAPOWER
NIFTY LargeMidcap 250,TATASTEEL
NIFTY LargeMidcap 250,TECHM
NIFTY LargeMidcap 250,NIACL
NIFTY LargeMidcap 250,RAMCOCEM
NIFTY LargeMidcap 250,THERMAX
NIFTY LargeMidcap 250,TITAN
NIFTY LargeMidcap 250,TORNTPHARM
NIFTY LargeMidcap 250,TORNTPOWER
NIFTY LargeMidcap 250,TRENT
NIFTY LargeMidcap 250,UCOBANK
NIFTY LargeMidcap 250,UPL
NIFTY LargeMidcap 250,ULTRACEMCO
NIFTY LargeMidcap 250,UNIONBANK
NIFTY LargeMidcap 250,UBL
NIFTY LargeMidcap 250,MCDOWELL-N
NIFTY LargeMidcap 250,VGUARD
NIFTY LargeMidcap 250,VBL
NIFTY LargeMidcap 250,SBICARD
NIFTY LargeMidcap 250,VINATIORGA
NIFTY LargeMidcap 250,IDEA
NIFTY LargeMidcap 250,VOLTAS
NIFTY LargeMidcap 250,WABCOINDIA
NIFTY LargeMidcap 250,WHIRLPOOL
NIFTY LargeMidcap 250,WIPRO
NIFTY LargeMidcap 250,ZEEL
NIFTY Smallcap 100,AEGISCHEM
NIFTY Smallcap 100,AFFLE
NIFTY Smallcap 100,ASHOKA
NIFTY Smallcap 100,ASTERDM
NIFTY Smallcap 100,AVANTIFEED
NIFTY Smallcap 100,BEML
NIFTY Smallcap 100,BAJAJELEC
NIFTY Smallcap 100,BALRAMCHIN
NIFTY Smallcap 100,BIRLACORPN
NIFTY Smallcap 100,BLUESTARCO
NIFTY Smallcap 100,CSBBANK
NIFTY Smallcap 100,CANFINHOME
NIFTY Smallcap 100,CEATLTD
NIFTY Smallcap 100,CENTURYPLY
NIFTY Smallcap 100,CENTURYTEX
NIFTY Smallcap 100,CHAMBLFERT
NIFTY Smallcap 100,COCHINSHIP
NIFTY Smallcap 100,CYIENT
NIFTY Smallcap 100,DCBBANK
NIFTY Smallcap 100,DCMSHRIRAM
NIFTY Smallcap 100,DEEPAKNTR
NIFTY Smallcap 100,DELTACORP
NIFTY Smallcap 100,DBL
NIFTY Smallcap 100,DIXON
NIFTY Smallcap 100,EIDPARRY
NIFTY Smallcap 100,EQUITAS
NIFTY Smallcap 100,FSL
NIFTY Smallcap 100,GMMPFAUDLR
NIFTY Smallcap 100,GALAXYSURF
NIFTY Smallcap 100,GODFRYPHLP
NIFTY Smallcap 100,GRANULES
NIFTY Smallcap 100,GRAPHITE
NIFTY Smallcap 100,GUJALKALI
NIFTY Smallcap 100,GNFC
NIFTY Smallcap 100,GSFC
NIFTY Smallcap 100,HEG
NIFTY Smallcap 100,HSCL
NIFTY Smallcap 100,HINDCOPPER
NIFTY Smallcap 100,IDFC
NIFTY Smallcap 100,IRB
NIFTY Smallcap 100,IRCON
NIFTY Smallcap 100,ITI
NIFTY Smallcap 100,INDIACEM
NIFTY Smallcap 100,IBREALEST
NIFTY Smallcap 100,INDIAMART
NIFTY Smallcap 100,INFIBEAM
NIFTY Smallcap 100,INOXLEISUR
NIFTY Smallcap 100,JKLAKSHMI
NIFTY Smallcap 100,JMFINANCIL
NIFTY Smallcap 100,JUSTDIAL
NIFTY Smallcap 100,KEI
NIFTY Smallcap 100,KAJARIACER
NIFTY Smallcap 100,KALPATPOWR
NIFTY Smallcap 100,KARURVYSYA
NIFTY Smallcap 100,KSCL
NIFTY Smallcap 100,KEC
NIFTY Smallcap 100,LAXMIMACH
NIFTY Smallcap 100,LAURUSLABS
NIFTY Smallcap 100,LEMONTREE
NIFTY Smallcap 100,LINDEINDIA
NIFTY Smallcap 100,LUXIND
NIFTY Smallcap 100,MMTC
NIFTY Smallcap 100,MOIL
NIFTY Smallcap 100,METROPOLIS
NIFTY Smallcap 100,MIDHANI
NIFTY Smallcap 100,MCX
NIFTY Smallcap 100,NBCC
NIFTY Smallcap 100,NCC
NIFTY Smallcap 100,NAVINFLUOR
NIFTY Smallcap 100,OMAXE
NIFTY Smallcap 100,PNCINFRA
NIFTY Smallcap 100,PVR
NIFTY Smallcap 100,PERSISTENT
NIFTY Smallcap 100,PGHL
NIFTY Smallcap 100,RITES
NIFTY Smallcap 100,RADICO
NIFTY Smallcap 100,RVNL
NIFTY Smallcap 100,RAIN
NIFTY Smallcap 100,RALLIS
NIFTY Smallcap 100,RCF
NIFTY Smallcap 100,RAYMOND
NIFTY Smallcap 100,SOBHA
NIFTY Smallcap 100,SONATSOFTW
NIFTY Smallcap 100,SPANDANA
NIFTY Smallcap 100,SPICEJET
NIFTY Smallcap 100,STRTECH
NIFTY Smallcap 100,STAR
NIFTY Smallcap 100,SPARC
NIFTY Smallcap 100,SUNTECK
NIFTY Smallcap 100,TV18BRDCST
NIFTY Smallcap 100,TATAELXSI
NIFTY Smallcap 100,TIMKEN
NIFTY Smallcap 100,TRIDENT
NIFTY Smallcap 100,UJJIVAN
NIFTY Smallcap 100,UJJIVANSFB
NIFTY Smallcap 100,VIPIND
NIFTY Smallcap 100,VAKRANGEE
NIFTY Smallcap 100,WELCORP
NIFTY Smallcap 100,WELSPUNIND
NIFTY Smallcap 100,WOCKPHARMA
Nifty 200,ACC
Nifty 200,AUBANK
Nifty 200,AARTIIND
Nifty 200,ABBOTINDIA
Nifty 200,ADANIGAS
Nifty 200,ADANIPORTS
Nifty 200,ADANIPOWER
Nifty 200,ADANITRANS
Nifty 200,ABCAPITAL
Nifty 200,ABFRL
Nifty 200,AJANTPHARM
Nifty 200,ALKEM
Nifty 200,AMARAJABAT
Nifty 200,AMBUJACEM
Nifty 200,APOLLOHOSP
Nifty 200,APOLLOTYRE
Nifty 200,ASHOKLEY
Nifty 200,ASIANPAINT
Nifty 200,AUROPHARMA
Nifty 200,DMART
Nifty 200,AXISBANK
Nifty 200,BAJAJ-AUTO
Nifty 200,BAJFINANCE
Nifty 200,BAJAJFINSV
Nifty 200,BAJAJHLDNG
Nifty 200,BALKRISIND
Nifty 200,BANDHANBNK
Nifty 200,BANKBARODA
Nifty 200,BANKINDIA
Nifty 200,BATAINDIA
Nifty 200,BERGEPAINT
Nifty 200,BEL
Nifty 200,BHARATFORG
Nifty 200,BHEL
Nifty 200,BPCL
Nifty 200,BHARTIARTL
Nifty 200,INFRATEL
Nifty 200,BIOCON
Nifty 200,BBTC
Nifty 200,BOSCHLTD
Nifty 200,BRITANNIA
Nifty 200,CESC
Nifty 200,CADILAHC
Nifty 200,CANBK
Nifty 200,CASTROLIND
Nifty 200,CHOLAFIN
Nifty 200,CIPLA
Nifty 200,CUB
Nifty 200,COALINDIA
Nifty 200,COLPAL
Nifty 200,CONCOR
Nifty 200,COROMANDEL
Nifty 200,CROMPTON
Nifty 200,CUMMINSIND
Nifty 200,DLF
Nifty 200,DABUR
Nifty 200,DALBHARAT
Nifty 200,DIVISLAB
Nifty 200,LALPATHLAB
Nifty 200,DRREDDY
Nifty 200,EDELWEISS
Nifty 200,EICHERMOT
Nifty 200,EMAMILTD
Nifty 200,ENDURANCE
Nifty 200,ESCORTS
Nifty 200,EXIDEIND
Nifty 200,FEDERALBNK
Nifty 200,FORTIS
Nifty 200,FRETAIL
Nifty 200,GAIL
Nifty 200,GMRINFRA
Nifty 200,GICRE
Nifty 200,GLENMARK
Nifty 200,GODREJAGRO
Nifty 200,GODREJCP
Nifty 200,GODREJIND
Nifty 200,GODREJPROP
Nifty 200,GRASIM
Nifty 200,GUJGASLTD
Nifty 200,GSPL
Nifty 200,HCLTECH
Nifty 200,HDFCAMC
Nifty 200,HDFCBANK
Nifty 200,HDFCLIFE
Nifty 200,HAVELLS
Nifty 200,HEROMOTOCO
Nifty 200,HEXAWARE
Nifty 200,HINDALCO
Nifty 200,HINDPETRO
Nifty 200,HINDUNILVR
Nifty 200,HINDZINC
Nifty 200,HUDCO
Nifty 200,HDFC
Nifty 200,ICICIBANK
Nifty 200,ICICIGI
Nifty 200,ICICIPRULI
Nifty 200,IDBI
Nifty 200,IDFCFIRSTB
Nifty 200,ITC
Nifty 200,IBULHSGFIN
Nifty 200,IBVENTURES
Nifty 200,INDHOTEL
Nifty 200,IOC
Nifty 200,IRCTC
Nifty 200,IGL
Nifty 200,INDUSINDBK
Nifty 200,NAUKRI
Nifty 200,INFY
Nifty 200,INDIGO
Nifty 200,IPCALAB
Nifty 200,JSWENERGY
Nifty 200,JSWSTEEL
Nifty 200,JINDALSTEL
Nifty 200,JUBLFOOD
Nifty 200,JUBILANT
Nifty 200,KOTAKBANK
Nifty 200,L&TFH
Nifty 200,LTTS
Nifty 200,LICHSGFIN
Nifty 200,LTI
Nifty 200,LT
Nifty 200,LUPIN
Nifty 200,MRF
Nifty 200,MGL
Nifty 200,M&MFIN
Nifty 200,M&M
Nifty 200,MANAPPURAM
Nifty 200,MRPL
Nifty 200,MARICO
Nifty 200,MARUTI
Nifty 200,MFSL
Nifty 200,MINDTREE
Nifty 200,MOTHERSUMI
Nifty 200,MPHASIS
Nifty 200,MUTHOOTFIN
Nifty 200,NATCOPHARM
Nifty 200,NHPC
Nifty 200,NIITTECH
Nifty 200,NMDC
Nifty 200,NTPC
Nifty 200,NATIONALUM
Nifty 200,NESTLEIND
Nifty 200,NAM-INDIA
Nifty 200,OBEROIRLTY
Nifty 200,ONGC
Nifty 200,OIL
Nifty 200,OFSS
Nifty 200,PIIND
Nifty 200,PNBHOUSING
Nifty 200,PAGEIND
Nifty 200,PETRONET
Nifty 200,PFIZER
Nifty 200,PIDILITIND
Nifty 200,PEL
Nifty 200,POLYCAB
Nifty 200,PFC
Nifty 200,POWERGRID
Nifty 200,PRESTIGE
Nifty 200,PGHH
Nifty 200,PNB
Nifty 200,QUESS
Nifty 200,RBLBANK
Nifty 200,RECLTD
Nifty 200,RAJESHEXPO
Nifty 200,RELIANCE
Nifty 200,SBILIFE
Nifty 200,SRF
Nifty 200,SHREECEM
Nifty 200,SRTRANSFIN
Nifty 200,SIEMENS
Nifty 200,SBIN
Nifty 200,SAIL
Nifty 200,SUNPHARMA
Nifty 200,SUNTV
Nifty 200,SYNGENE
Nifty 200,TVSMOTOR
Nifty 200,TCS
Nifty 200,TATACONSUM
Nifty 200,TATAMOTORS
Nifty 200,TATAPOWER
Nifty 200,TATASTEEL
Nifty 200,TECHM
Nifty 200,RAMCOCEM
Nifty 200,TITAN
Nifty 200,TORNTPHARM
Nifty 200,TORNTPOWER
Nifty 200,TRENT
Nifty 200,UPL
Nifty 200,ULTRACEMCO
Nifty 200,UNIONBANK
Nifty 200,UBL
Nifty 200,MCDOWELL-N
Nifty 200,VGUARD
Nifty 200,VBL
Nifty 200,SBICARD
Nifty 200,IDEA
Nifty 200,VOLTAS
Nifty 200,WHIRLPOOL
Nifty 200,WIPRO
Nifty 200,ZEEL
Nifty 500,3MINDIA
Nifty 500,ABB
Nifty 500,ACC
Nifty 500,AIAENG
Nifty 500,APLAPOLLO
Nifty 500,AUBANK
Nifty 500,AARTIIND
Nifty 500,AAVAS
Nifty 500,ABBOTINDIA
Nifty 500,ADANIGAS
Nifty 500,ADANIGREEN
Nifty 500,ADANIPORTS
Nifty 500,ADANIPOWER
Nifty 500,ADANITRANS
Nifty 500,ABCAPITAL
Nifty 500,ABFRL
Nifty 500,ADVENZYMES
Nifty 500,AEGISCHEM
Nifty 500,AFFLE
Nifty 500,AJANTPHARM
Nifty 500,AKZOINDIA
Nifty 500,APLLTD
Nifty 500,ALKEM
Nifty 500,ALKYLAMINE
Nifty 500,ALLCARGO
Nifty 500,AMARAJABAT
Nifty 500,AMBER
Nifty 500,AMBUJACEM
Nifty 500,APOLLOHOSP
Nifty 500,APOLLOTYRE
Nifty 500,ARVINDFASN
Nifty 500,ASAHIINDIA
Nifty 500,ASHOKLEY
Nifty 500,ASHOKA
Nifty 500,ASIANPAINT
Nifty 500,ASTERDM
Nifty 500,ASTRAZEN
Nifty 500,ASTRAL
Nifty 500,ATUL
Nifty 500,AUROPHARMA
Nifty 500,AVANTIFEED
Nifty 500,DMART
Nifty 500,AXISBANK
Nifty 500,BASF
Nifty 500,BEML
Nifty 500,BSE
Nifty 500,BAJAJ-AUTO
Nifty 500,BAJAJCON
Nifty 500,BAJAJELEC
Nifty 500,BAJFINANCE
Nifty 500,BAJAJFINSV
Nifty 500,BAJAJHLDNG
Nifty 500,BALKRISIND
Nifty 500,BALMLAWRIE
Nifty 500,BALRAMCHIN
Nifty 500,BANDHANBNK
Nifty 500,BANKBARODA
Nifty 500,BANKINDIA
Nifty 500,MAHABANK
Nifty 500,BATAINDIA
Nifty 500,BAYERCROP
Nifty 500,BERGEPAINT
Nifty 500,BDL
Nifty 500,BEL
Nifty 500,BHARATFORG
Nifty 500,BHEL
Nifty 500,BPCL
Nifty 500,BHARATRAS
Nifty 500,BHARTIARTL
Nifty 500,INFRATEL
Nifty 500,BIOCON
Nifty 500,BIRLACORPN
Nifty 500,BSOFT
Nifty 500,BLISSGVS
Nifty 500,BLUEDART
Nifty 500,BLUESTARCO
Nifty 500,BBTC
Nifty 500,BOMDYEING
Nifty 500,BOSCHLTD
Nifty 500,BRIGADE
Nifty 500,BRITANNIA
Nifty 500,CARERATING
Nifty 500,CCL
Nifty 500,CESC
Nifty 500,CRISIL
Nifty 500,CSBBANK
Nifty 500,CADILAHC
Nifty 500,CANFINHOME
Nifty 500,CANBK
Nifty 500,CAPLIPOINT
Nifty 500,CGCL
Nifty 500,CARBORUNIV
Nifty 500,CASTROLIND
Nifty 500,CEATLTD
Nifty 500,CENTRALBK
Nifty 500,CDSL
Nifty 500,CENTURYPLY
Nifty 500,CENTURYTEX
Nifty 500,CERA
Nifty 500,CHAMBLFERT
Nifty 500,CHENNPETRO
Nifty 500,CHOLAHLDNG
Nifty 500,CHOLAFIN
Nifty 500,CIPLA
Nifty 500,CUB
Nifty 500,COALINDIA
Nifty 500,COCHINSHIP
Nifty 500,COLPAL
Nifty 500,CONCOR
Nifty 500,COROMANDEL
Nifty 500,CREDITACC
Nifty 500,CROMPTON
Nifty 500,CUMMINSIND
Nifty 500,CYIENT
Nifty 500,DBCORP
Nifty 500,DCBBANK
Nifty 500,DCMSHRIRAM
Nifty 500,DLF
Nifty 500,DABUR
Nifty 500,DALBHARAT
Nifty 500,DEEPAKNTR
Nifty 500,DELTACORP
Nifty 500,DHANUKA
Nifty 500,DBL
Nifty 500,DISHTV
Nifty 500,DCAL
Nifty 500,DIVISLAB
Nifty 500,DIXON
Nifty 500,LALPATHLAB
Nifty 500,DRREDDY
Nifty 500,EIDPARRY
Nifty 500,EIHOTEL
Nifty 500,ESABINDIA
Nifty 500,EDELWEISS
Nifty 500,EICHERMOT
Nifty 500,ELGIEQUIP
Nifty 500,EMAMILTD
Nifty 500,ENDURANCE
Nifty 500,ENGINERSIN
Nifty 500,EQUITAS
Nifty 500,ERIS
Nifty 500,ESCORTS
Nifty 500,ESSELPACK
Nifty 500,EXIDEIND
Nifty 500,FDC
Nifty 500,FEDERALBNK
Nifty 500,FINEORG
Nifty 500,FINCABLES
Nifty 500,FINPIPE
Nifty 500,FSL
Nifty 500,FORTIS
Nifty 500,FCONSUMER
Nifty 500,FRETAIL
Nifty 500,GAIL
Nifty 500,GEPIL
Nifty 500,GET&D
Nifty 500,GHCL
Nifty 500,GMMPFAUDLR
Nifty 500,GMRINFRA
Nifty 500,GALAXYSURF
Nifty 500,GRSE
Nifty 500,GARFIBRES
Nifty 500,GICRE
Nifty 500,GILLETTE
Nifty 500,GLAXO
Nifty 500,GLENMARK
Nifty 500,GODFRYPHLP
Nifty 500,GODREJAGRO
Nifty 500,GODREJCP
Nifty 500,GODREJIND
Nifty 500,GODREJPROP
Nifty 500,GRANULES
Nifty 500,GRAPHITE
Nifty 500,GRASIM
Nifty 500,GESHIP
Nifty 500,GREAVESCOT
Nifty 500,GRINDWELL
Nifty 500,GUJALKALI
Nifty 500,FLUOROCHEM
Nifty 500,GUJGASLTD
Nifty 500,GMDCLTD
Nifty 500,GNFC
Nifty 500,GPPL
Nifty 500,GSFC
Nifty 500,GSPL
Nifty 500,GULFOILLUB
Nifty 500,HEG
Nifty 500,HCLTECH
Nifty 500,HDFCAMC
Nifty 500,HDFCBANK
Nifty 500,HDFCLIFE
Nifty 500,HFCL
Nifty 500,HATHWAY
Nifty 500,HATSUN
Nifty 500,HAVELLS
Nifty 500,HEIDELBERG
Nifty 500,HERITGFOOD
Nifty 500,HEROMOTOCO
Nifty 500,HEXAWARE
Nifty 500,HSCL
Nifty 500,HIMATSEIDE
Nifty 500,HINDALCO
Nifty 500,HAL
Nifty 500,HINDCOPPER
Nifty 500,HINDPETRO
Nifty 500,HINDUNILVR
Nifty 500,HINDZINC
Nifty 500,HONAUT
Nifty 500,HUDCO
Nifty 500,HDFC
Nifty 500,ICICIBANK
Nifty 500,ICICIGI
Nifty 500,ICICIPRULI
Nifty 500,ISEC
Nifty 500,ICRA
Nifty 500,IDBI
Nifty 500,IDFCFIRSTB
Nifty 500,IDFC
Nifty 500,IFBIND
Nifty 500,IFCI
Nifty 500,IIFL
Nifty 500,IIFLWAM
Nifty 500,IRB
Nifty 500,IRCON
Nifty 500,ITC
Nifty 500,ITI
Nifty 500,INDIACEM
Nifty 500,ITDC
Nifty 500,IBULHSGFIN
Nifty 500,IBREALEST
Nifty 500,IBVENTURES
Nifty 500,INDIAMART
Nifty 500,INDIANB
Nifty 500,IEX
Nifty 500,INDHOTEL
Nifty 500,IOC
Nifty 500,IOB
Nifty 500,IRCTC
Nifty 500,INDOSTAR
Nifty 500,INDOCO
Nifty 500,IGL
Nifty 500,INDUSINDBK
Nifty 500,INFIBEAM
Nifty 500,NAUKRI
Nifty 500,INFY
Nifty 500,INGERRAND
Nifty 500,INOXLEISUR
Nifty 500,INTELLECT
Nifty 500,INDIGO
Nifty 500,IPCALAB
Nifty 500,JBCHEPHARM
Nifty 500,JKCEMENT
Nifty 500,JKLAKSHMI
Nifty 500,JKPAPER
Nifty 500,JKTYRE
Nifty 500,JMFINANCIL
Nifty 500,JSWENERGY
Nifty 500,JSWSTEEL
Nifty 500,JAGRAN
Nifty 500,JAICORPLTD
Nifty 500,J&KBANK
Nifty 500,JAMNAAUTO
Nifty 500,JINDALSAW
Nifty 500,JSLHISAR
Nifty 500,JSL
Nifty 500,JINDALSTEL
Nifty 500,JCHAC
Nifty 500,JUBLFOOD
Nifty 500,JUBILANT
Nifty 500,JUSTDIAL
Nifty 500,JYOTHYLAB
Nifty 500,KPRMILL
Nifty 500,KEI
Nifty 500,KNRCON
Nifty 500,KPITTECH
Nifty 500,KRBL
Nifty 500,KSB
Nifty 500,KAJARIACER
Nifty 500,KALPATPOWR
Nifty 500,KANSAINER
Nifty 500,KTKBANK
Nifty 500,KARURVYSYA
Nifty 500,KSCL
Nifty 500,KEC
Nifty 500,KOLTEPATIL
Nifty 500,KOTAKBANK
Nifty 500,L&TFH
Nifty 500,LTTS
Nifty 500,LICHSGFIN
Nifty 500,LAOPALA
Nifty 500,LAXMIMACH
Nifty 500,LTI
Nifty 500,LT
Nifty 500,LAURUSLABS
Nifty 500,LEMONTREE
Nifty 500,LINDEINDIA
Nifty 500,LUPIN
Nifty 500,LUXIND
Nifty 500,MASFIN
Nifty 500,MMTC
Nifty 500,MOIL
Nifty 500,MRF
Nifty 500,MGL
Nifty 500,MAHSCOOTER
Nifty 500,MAHSEAMLES
Nifty 500,M&MFIN
Nifty 500,M&M
Nifty 500,MAHINDCIE
Nifty 500,MHRIL
Nifty 500,MAHLOG
Nifty 500,MANAPPURAM
Nifty 500,MRPL
Nifty 500,MARICO
Nifty 500,MARUTI
Nifty 500,MFSL
Nifty 500,METROPOLIS
Nifty 500,MINDTREE
Nifty 500,MINDACORP
Nifty 500,MINDAIND
Nifty 500,MIDHANI
Nifty 500,MOTHERSUMI
Nifty 500,MOTILALOFS
Nifty 500,MPHASIS
Nifty 500,MCX
Nifty 500,MUTHOOTFIN
Nifty 500,NATCOPHARM
Nifty 500,NBCC
Nifty 500,NCC
Nifty 500,NESCO
Nifty 500,NHPC
Nifty 500,NIITTECH
Nifty 500,NLCINDIA
Nifty 500,NMDC
Nifty 500,NTPC
Nifty 500,NH
Nifty 500,NATIONALUM
Nifty 500,NFL
Nifty 500,NBVENTURES
Nifty 500,NAVINFLUOR
Nifty 500,NESTLEIND
Nifty 500,NILKAMAL
Nifty 500,NAM-INDIA
Nifty 500,OBEROIRLTY
Nifty 500,ONGC
Nifty 500,OIL
Nifty 500,OMAXE
Nifty 500,OFSS
Nifty 500,ORIENTCEM
Nifty 500,ORIENTELEC
Nifty 500,ORIENTREF
Nifty 500,PIIND
Nifty 500,PNBHOUSING
Nifty 500,PNCINFRA
Nifty 500,PTC
Nifty 500,PVR
Nifty 500,PAGEIND
Nifty 500,PERSISTENT
Nifty 500,PETRONET
Nifty 500,PFIZER
Nifty 500,PHILIPCARB
Nifty 500,PHOENIXLTD
Nifty 500,PIDILITIND
Nifty 500,PEL
Nifty 500,POLYMED
Nifty 500,POLYCAB
Nifty 500,PFC
Nifty 500,POWERGRID
Nifty 500,PRAJIND
Nifty 500,PRESTIGE
Nifty 500,PRSMJOHNSN
Nifty 500,PGHL
Nifty 500,PGHH
Nifty 500,PNB
Nifty 500,QUESS
Nifty 500,RBLBANK
Nifty 500,RECLTD
Nifty 500,RITES
Nifty 500,RADICO
Nifty 500,RVNL
Nifty 500,RAIN
Nifty 500,RAJESHEXPO
Nifty 500,RALLIS
Nifty 500,RCF
Nifty 500,RATNAMANI
Nifty 500,RAYMOND
Nifty 500,REDINGTON
Nifty 500,RELAXO
Nifty 500,RELIANCE
Nifty 500,REPCOHOME
Nifty 500,SBILIFE
Nifty 500,SJVN
Nifty 500,SKFINDIA
Nifty 500,SRF
Nifty 500,SADBHAV
Nifty 500,SANOFI
Nifty 500,SCHAEFFLER
Nifty 500,SCHNEIDER
Nifty 500,SIS
Nifty 500,SEQUENT
Nifty 500,SFL
Nifty 500,SCI
Nifty 500,SHOPERSTOP
Nifty 500,SHREECEM
Nifty 500,RENUKA
Nifty 500,SHRIRAMCIT
Nifty 500,SRTRANSFIN
Nifty 500,SIEMENS
Nifty 500,SOBHA
Nifty 500,SOLARINDS
Nifty 500,SONATSOFTW
Nifty 500,SOUTHBANK
Nifty 500,SPANDANA
Nifty 500,SPICEJET
Nifty 500,STARCEMENT
Nifty 500,SBIN
Nifty 500,SAIL
Nifty 500,SWSOLAR
Nifty 500,STRTECH
Nifty 500,STAR
Nifty 500,SUDARSCHEM
Nifty 500,SUMICHEM
Nifty 500,SPARC
Nifty 500,SUNPHARMA
Nifty 500,SUNTV
Nifty 500,SUNDARMFIN
Nifty 500,SUNDRMFAST
Nifty 500,SUNTECK
Nifty 500,SUPRAJIT
Nifty 500,SUPREMEIND
Nifty 500,SUZLON
Nifty 500,SWANENERGY
Nifty 500,SYMPHONY
Nifty 500,SYNGENE
Nifty 500,TCIEXP
Nifty 500,TCNSBRANDS
Nifty 500,TTKPRESTIG
Nifty 500,TVTODAY
Nifty 500,TV18BRDCST
Nifty 500,TVSMOTOR
Nifty 500,TAKE
Nifty 500,TASTYBITE
Nifty 500,TATACOMM
Nifty 500,TCS
Nifty 500,TATACONSUM
Nifty 500,TATAELXSI
Nifty 500,TATAINVEST
Nifty 500,TATAMTRDVR
Nifty 500,TATAMOTORS
Nifty 500,TATAPOWER
Nifty 500,TATASTLBSL
Nifty 500,TATASTEEL
Nifty 500,TEAMLEASE
Nifty 500,TECHM
Nifty 500,NIACL
Nifty 500,RAMCOCEM
Nifty 500,THERMAX
Nifty 500,THYROCARE
Nifty 500,TIMETECHNO
Nifty 500,TIMKEN
Nifty 500,TITAN
Nifty 500,TORNTPHARM
Nifty 500,TORNTPOWER
Nifty 500,TRENT
Nifty 500,TRIDENT
Nifty 500,TIINDIA
Nifty 500,UCOBANK
Nifty 500,UFLEX
Nifty 500,UPL
Nifty 500,UJJIVAN
Nifty 500,UJJIVANSFB
Nifty 500,ULTRACEMCO
Nifty 500,UNIONBANK
Nifty 500,UBL
Nifty 500,MCDOWELL-N
Nifty 500,VGUARD
Nifty 500,VMART
Nifty 500,VIPIND
Nifty 500,VRLLOG
Nifty 500,VSTIND
Nifty 500,VAIBHAVGBL
Nifty 500,VAKRANGEE
Nifty 500,VTL
Nifty 500,VARROC
Nifty 500,VBL
Nifty 500,SBICARD
Nifty 500,VENKEYS
Nifty 500,VESUVIUS
Nifty 500,VINATIORGA
Nifty 500,IDEA
Nifty 500,VOLTAS
Nifty 500,WABCOINDIA
Nifty 500,WELCORP
Nifty 500,WELSPUNIND
Nifty 500,WESTLIFE
Nifty 500,WHIRLPOOL
Nifty 500,WIPRO
Nifty 500,WOCKPHARMA
Nifty 500,ZEEL
Nifty 500,ZENSARTECH
Nifty 500,ZYDUSWELL
Nifty 500,ECLERX
NIFTY Midcap 100,AUBANK
NIFTY Midcap 100,AARTIIND
NIFTY Midcap 100,ADANIGAS
NIFTY Midcap 100,ADANIPOWER
NIFTY Midcap 100,ABCAPITAL
NIFTY Midcap 100,ABFRL
NIFTY Midcap 100,AJANTPHARM
NIFTY Midcap 100,ALKEM
NIFTY Midcap 100,AMARAJABAT
NIFTY Midcap 100,APOLLOHOSP
NIFTY Midcap 100,APOLLOTYRE
NIFTY Midcap 100,ASHOKLEY
NIFTY Midcap 100,BALKRISIND
NIFTY Midcap 100,BANKINDIA
NIFTY Midcap 100,BATAINDIA
NIFTY Midcap 100,BEL
NIFTY Midcap 100,BHARATFORG
NIFTY Midcap 100,BHEL
NIFTY Midcap 100,BBTC
NIFTY Midcap 100,CESC
NIFTY Midcap 100,CANBK
NIFTY Midcap 100,CASTROLIND
NIFTY Midcap 100,CHOLAFIN
NIFTY Midcap 100,CUB
NIFTY Midcap 100,COROMANDEL
NIFTY Midcap 100,CROMPTON
NIFTY Midcap 100,CUMMINSIND
NIFTY Midcap 100,DALBHARAT
NIFTY Midcap 100,LALPATHLAB
NIFTY Midcap 100,EDELWEISS
NIFTY Midcap 100,EMAMILTD
NIFTY Midcap 100,ENDURANCE
NIFTY Midcap 100,ESCORTS
NIFTY Midcap 100,EXIDEIND
NIFTY Midcap 100,FEDERALBNK
NIFTY Midcap 100,FORTIS
NIFTY Midcap 100,FRETAIL
NIFTY Midcap 100,GMRINFRA
NIFTY Midcap 100,GLENMARK
NIFTY Midcap 100,GODREJAGRO
NIFTY Midcap 100,GODREJIND
NIFTY Midcap 100,GODREJPROP
NIFTY Midcap 100,GUJGASLTD
NIFTY Midcap 100,GSPL
NIFTY Midcap 100,HEXAWARE
NIFTY Midcap 100,HUDCO
NIFTY Midcap 100,IDBI
NIFTY Midcap 100,IDFCFIRSTB
NIFTY Midcap 100,IBULHSGFIN
NIFTY Midcap 100,IBVENTURES
NIFTY Midcap 100,INDHOTEL
NIFTY Midcap 100,IRCTC
NIFTY Midcap 100,IPCALAB
NIFTY Midcap 100,JSWENERGY
NIFTY Midcap 100,JINDALSTEL
NIFTY Midcap 100,JUBLFOOD
NIFTY Midcap 100,JUBILANT
NIFTY Midcap 100,L&TFH
NIFTY Midcap 100,LTTS
NIFTY Midcap 100,LICHSGFIN
NIFTY Midcap 100,LTI
NIFTY Midcap 100,MRF
NIFTY Midcap 100,MGL
NIFTY Midcap 100,M&MFIN
NIFTY Midcap 100,MANAPPURAM
NIFTY Midcap 100,MRPL
NIFTY Midcap 100,MFSL
NIFTY Midcap 100,MINDTREE
NIFTY Midcap 100,MPHASIS
NIFTY Midcap 100,NATCOPHARM
NIFTY Midcap 100,NIITTECH
NIFTY Midcap 100,NATIONALUM
NIFTY Midcap 100,NAM-INDIA
NIFTY Midcap 100,OBEROIRLTY
NIFTY Midcap 100,OIL
NIFTY Midcap 100,PIIND
NIFTY Midcap 100,PNBHOUSING
NIFTY Midcap 100,PFIZER
NIFTY Midcap 100,POLYCAB
NIFTY Midcap 100,PRESTIGE
NIFTY Midcap 100,QUESS
NIFTY Midcap 100,RBLBANK
NIFTY Midcap 100,RECLTD
NIFTY Midcap 100,RAJESHEXPO
NIFTY Midcap 100,SRF
NIFTY Midcap 100,SAIL
NIFTY Midcap 100,SUNTV
NIFTY Midcap 100,SYNGENE
NIFTY Midcap 100,TVSMOTOR
NIFTY Midcap 100,TATACONSUM
NIFTY Midcap 100,TATAPOWER
NIFTY Midcap 100,RAMCOCEM
NIFTY Midcap 100,TORNTPOWER
NIFTY Midcap 100,TRENT
NIFTY Midcap 100,UNIONBANK
NIFTY Midcap 100,VGUARD
NIFTY Midcap 100,VBL
NIFTY Midcap 100,IDEA
NIFTY Midcap 100,VOLTAS
NIFTY Midcap 100,WHIRLPOOL
Nifty High Beta 50,ADANIPORTS
Nifty High Beta 50,ADANIPOWER
Nifty High Beta 50,APOLLOTYRE
Nifty High Beta 50,ASHOKLEY
Nifty High Beta 50,AXISBANK
Nifty High Beta 50,BAJFINANCE
Nifty High Beta 50,BAJAJFINSV
Nifty High Beta 50,BANDHANBNK
Nifty High Beta 50,BANKBARODA
Nifty High Beta 50,BHEL
Nifty High Beta 50,BPCL
Nifty High Beta 50,CANFINHOME
Nifty High Beta 50,CANBK
Nifty High Beta 50,CHOLAFIN
Nifty High Beta 50,DLF
Nifty High Beta 50,EDELWEISS
Nifty High Beta 50,EQUITAS
Nifty High Beta 50,ESCORTS
Nifty High Beta 50,FEDERALBNK
Nifty High Beta 50,GODREJPROP
Nifty High Beta 50,HINDALCO
Nifty High Beta 50,HINDPETRO
Nifty High Beta 50,HDFC
Nifty High Beta 50,ICICIBANK
Nifty High Beta 50,ICICIPRULI
Nifty High Beta 50,IBULHSGFIN
Nifty High Beta 50,INDUSINDBK
Nifty High Beta 50,JSWSTEEL
Nifty High Beta 50,JINDALSTEL
Nifty High Beta 50,L&TFH
Nifty High Beta 50,LICHSGFIN
Nifty High Beta 50,M&MFIN
Nifty High Beta 50,MANAPPURAM
Nifty High Beta 50,MFSL
Nifty High Beta 50,MOTHERSUMI
Nifty High Beta 50,MUTHOOTFIN
Nifty High Beta 50,NIITTECH
Nifty High Beta 50,NMDC
Nifty High Beta 50,PEL
Nifty High Beta 50,PFC
Nifty High Beta 50,RBLBANK
Nifty High Beta 50,RADICO
Nifty High Beta 50,SRTRANSFIN
Nifty High Beta 50,SBIN
Nifty High Beta 50,SAIL
Nifty High Beta 50,TATAMOTORS
Nifty High Beta 50,TATASTEEL
Nifty High Beta 50,UJJIVAN
Nifty High Beta 50,IDFCFIRSTB
Nifty High Beta 50,IDEA
Nifty Low Volatility 50,ACC
Nifty Low Volatility 50,ALKEM
Nifty Low Volatility 50,AMBUJACEM
Nifty Low Volatility 50,ASIANPAINT
Nifty Low Volatility 50,ATUL
Nifty Low Volatility 50,BAJAJ-AUTO
Nifty Low Volatility 50,BOSCHLTD
Nifty Low Volatility 50,BRITANNIA
Nifty Low Volatility 50,CIPLA
Nifty Low Volatility 50,COALINDIA
Nifty Low Volatility 50,COLPAL
Nifty Low Volatility 50,COROMANDEL
Nifty Low Volatility 50,CROMPTON
Nifty Low Volatility 50,DABUR
Nifty Low Volatility 50,DIVISLAB
Nifty Low Volatility 50,DRREDDY
Nifty Low Volatility 50,FORTIS
Nifty Low Volatility 50,GLAXO
Nifty Low Volatility 50,HCLTECH
Nifty Low Volatility 50,HDFCBANK
Nifty Low Volatility 50,HINDUNILVR
Nifty Low Volatility 50,HINDZINC
Nifty Low Volatility 50,ITC
Nifty Low Volatility 50,INFY
Nifty Low Volatility 50,KOTAKBANK
Nifty Low Volatility 50,LT
Nifty Low Volatility 50,LUPIN
Nifty Low Volatility 50,MRF
Nifty Low Volatility 50,MGL
Nifty Low Volatility 50,MARICO
Nifty Low Volatility 50,NATCOPHARM
Nifty Low Volatility 50,NTPC
Nifty Low Volatility 50,NESTLEIND
Nifty Low Volatility 50,OFSS
Nifty Low Volatility 50,PIIND
Nifty Low Volatility 50,PFIZER
Nifty Low Volatility 50,PIDILITIND
Nifty Low Volatility 50,POWERGRID
Nifty Low Volatility 50,RAJESHEXPO
Nifty Low Volatility 50,SANOFI
Nifty Low Volatility 50,SHREECEM
Nifty Low Volatility 50,SIEMENS
Nifty Low Volatility 50,TCS
Nifty Low Volatility 50,TECHM
Nifty Low Volatility 50,THERMAX
Nifty Low Volatility 50,TORNTPHARM
Nifty Low Volatility 50,TORNTPOWER
Nifty Low Volatility 50,ULTRACEMCO
Nifty Low Volatility 50,UBL
Nifty Low Volatility 50,WIPRO
Nifty Quality 30,ASIANPAINT
Nifty Quality 30,AUROPHARMA
Nifty Quality 30,BAJAJ-AUTO
Nifty Quality 30,BAJFINANCE
Nifty Quality 30,BERGEPAINT
Nifty Quality 30,BOSCHLTD
Nifty Quality 30,BRITANNIA
Nifty Quality 30,COALINDIA
Nifty Quality 30,COLPAL
Nifty Quality 30,CONCOR
Nifty Quality 30,DABUR
Nifty Quality 30,EICHERMOT
Nifty Quality 30,GODREJCP
Nifty Quality 30,HCLTECH
Nifty Quality 30,HDFCBANK
Nifty Quality 30,HAVELLS
Nifty Quality 30,HEROMOTOCO
Nifty Quality 30,HINDUNILVR
Nifty Quality 30,ITC
Nifty Quality 30,IGL
Nifty Quality 30,INDUSINDBK
Nifty Quality 30,INFY
Nifty Quality 30,MARICO
Nifty Quality 30,MARUTI
Nifty Quality 30,NESTLEIND
Nifty Quality 30,PAGEIND
Nifty Quality 30,PIDILITIND
Nifty Quality 30,TCS
Nifty Quality 30,TECHM
Nifty Quality 30,TITAN
